From,To,Passenger_Count
Bkb,Bkb,0
Bro,Bkb,124
Bål,Bkb,183
Fas,Bkb,211
Flb,Bkb,753
Gn,Bkb,63
Gdv,Bkb,1
Hnd,Bkb,317
Hel,Bkb,373
Hfa,Bkb,1
Hu,Bkb,464
Hgv,Bkb,161
Jkb,Bkb,651
Jbo,Bkb,195
Khä,Bkb,259
Ke,Bkb,686
Kn,Bkb,4
Kda,Bkb,2
Kän,Bkb,216
Mr,Bkb,365
Mö,Bkb,1
Nvk,Bkb,125
Ngd,Bkb,1
Nyh,Bkb,62
Rs,Bkb,58
R,Bkb,248
Rön,Bkb,159
Ssä,Bkb,1
Skg,Bkb,238
Sol,Bkb,496
So,Bkb,609
Spå,Bkb,502
Cst,Bkb,5320
Sst,Bkb,1088
Sta,Bkb,208
Sub,Bkb,734
Söc,Bkb,57
Söd,Bkb,76
Söu,Bkb,1
Tåd,Bkb,131
Tul,Bkb,262
Tu,Bkb,454
Ts,Bkb,1
Udl,Bkb,203
Upv,Bkb,414
U,Bkb,18
Vhe,Bkb,11
Åbe,Bkb,586
Äs,Bkb,592
Öso,Bkb,2
Öte,Bkb,186
Bkb,Bro,124
Bro,Bro,0
Bål,Bro,95
Fas,Bro,92
Flb,Bro,329
Gn,Bro,28
Gdv,Bro,1
Hnd,Bro,139
Hel,Bro,163
Hfa,Bro,1
Hu,Bro,203
Hgv,Bro,66
Jkb,Bro,292
Jbo,Bro,85
Khä,Bro,120
Ke,Bro,300
Kn,Bro,2
Kda,Bro,1
Kän,Bro,104
Mr,Bro,162
Mö,Bro,1
Nvk,Bro,51
Ngd,Bro,1
Nyh,Bro,27
Rs,Bro,26
R,Bro,113
Rön,Bro,70
Ssä,Bro,1
Skg,Bro,104
Sol,Bro,217
So,Bro,266
Spå,Bro,220
Cst,Bro,2322
Sst,Bro,475
Sta,Bro,91
Sub,Bro,321
Söc,Bro,25
Söd,Bro,33
Söu,Bro,1
Tåd,Bro,57
Tul,Bro,115
Tu,Bro,198
Ts,Bro,1
Udl,Bro,89
Upv,Bro,181
U,Bro,8
Vhe,Bro,5
Åbe,Bro,256
Äs,Bro,259
Öso,Bro,1
Öte,Bro,81
Bkb,Bål,183
Bro,Bål,95
Bål,Bål,0
Fas,Bål,136
Flb,Bål,486
Gn,Bål,41
Gdv,Bål,1
Hnd,Bål,205
Hel,Bål,241
Hfa,Bål,1
Hu,Bål,300
Hgv,Bål,97
Jkb,Bål,432
Jbo,Bål,126
Khä,Bål,177
Ke,Bål,444
Kn,Bål,3
Kda,Bål,1
Kän,Bål,154
Mr,Bål,236
Mö,Bål,1
Nvk,Bål,75
Ngd,Bål,1
Nyh,Bål,40
Rs,Bål,37
R,Bål,167
Rön,Bål,103
Ssä,Bål,1
Skg,Bål,154
Sol,Bål,321
So,Bål,394
Spå,Bål,325
Cst,Bål,3440
Sst,Bål,703
Sta,Bål,135
Sub,Bål,475
Söc,Bål,37
Söd,Bål,49
Söu,Bål,1
Tåd,Bål,85
Tul,Bål,169
Tu,Bål,294
Ts,Bål,1
Udl,Bål,131
Upv,Bål,263
U,Bål,15
Vhe,Bål,7
Åbe,Bål,379
Äs,Bål,383
Öso,Bål,1
Öte,Bål,120
Bkb,Fas,210
Bro,Fas,92
Bål,Fas,136
Fas,Fas,0
Flb,Fas,666
Gn,Fas,56
Gdv,Fas,1
Hnd,Fas,299
Hel,Fas,289
Hfa,Fas,1
Hu,Fas,410
Hgv,Fas,123
Jkb,Fas,483
Jbo,Fas,183
Khä,Fas,192
Ke,Fas,563
Kn,Fas,4
Kda,Fas,2
Kän,Fas,160
Mr,Fas,304
Mö,Fas,1
Nvk,Fas,96
Ngd,Fas,1
Nyh,Fas,58
Rs,Fas,48
R,Fas,190
Rön,Fas,141
Ssä,Fas,1
Skg,Fas,224
Sol,Fas,379
So,Fas,489
Spå,Fas,381
Cst,Fas,4432
Sst,Fas,922
Sta,Fas,184
Sub,Fas,580
Söc,Fas,50
Söd,Fas,67
Söu,Fas,1
Tåd,Fas,123
Tul,Fas,232
Tu,Fas,402
Ts,Fas,1
Udl,Fas,166
Upv,Fas,339
U,Fas,15
Vhe,Fas,10
Åbe,Fas,507
Äs,Fas,524
Öso,Fas,2
Öte,Fas,164
Bkb,Flb,752
Bro,Flb,329
Bål,Flb,485
Fas,Flb,666
Flb,Flb,0
Gn,Flb,212
Gdv,Flb,3
Hnd,Flb,1003
Hel,Flb,1031
Hfa,Flb,2
Hu,Flb,1530
Hgv,Flb,440
Jkb,Flb,1726
Jbo,Flb,616
Khä,Flb,686
Ke,Flb,2012
Kn,Flb,12
Kda,Flb,5
Kän,Flb,572
Mr,Flb,1088
Mö,Flb,2
Nvk,Flb,341
Ngd,Flb,3
Nyh,Flb,195
Rs,Flb,170
R,Flb,677
Rön,Flb,536
Ssä,Flb,2
Skg,Flb,751
Sol,Flb,1355
So,Flb,1748
Spå,Flb,1364
Cst,Flb,15861
Sst,Flb,3298
Sta,Flb,675
Sub,Flb,2074
Söc,Flb,191
Söd,Flb,256
Söu,Flb,3
Tåd,Flb,414
Tul,Flb,884
Tu,Flb,1534
Ts,Flb,3
Udl,Flb,594
Upv,Flb,1212
U,Flb,51
Vhe,Flb,34
Åbe,Flb,1814
Äs,Flb,1874
Öso,Flb,4
Öte,Flb,626
Bkb,Gn,63
Bro,Gn,28
Bål,Gn,41
Fas,Gn,56
Flb,Gn,211
Gn,Gn,0
Gdv,Gn,1
Hnd,Gn,84
Hel,Gn,86
Hfa,Gn,1
Hu,Gn,127
Hgv,Gn,37
Jkb,Gn,144
Jbo,Gn,52
Khä,Gn,57
Ke,Gn,167
Kn,Gn,1
Kda,Gn,1
Kän,Gn,48
Mr,Gn,91
Mö,Gn,1
Nvk,Gn,29
Ngd,Gn,1
Nyh,Gn,19
Rs,Gn,15
R,Gn,57
Rön,Gn,49
Ssä,Gn,1
Skg,Gn,63
Sol,Gn,113
So,Gn,145
Spå,Gn,113
Cst,Gn,1315
Sst,Gn,274
Sta,Gn,56
Sub,Gn,172
Söc,Gn,19
Söd,Gn,25
Söu,Gn,1
Tåd,Gn,35
Tul,Gn,75
Tu,Gn,135
Ts,Gn,1
Udl,Gn,50
Upv,Gn,101
U,Gn,5
Vhe,Gn,3
Åbe,Gn,151
Äs,Gn,156
Öso,Gn,1
Öte,Gn,60
Bkb,Gdv,1
Bro,Gdv,1
Bål,Gdv,1
Fas,Gdv,1
Flb,Gdv,3
Gn,Gdv,1
Gdv,Gdv,0
Hnd,Gdv,2
Hel,Gdv,2
Hfa,Gdv,1
Hu,Gdv,2
Hgv,Gdv,1
Jkb,Gdv,2
Jbo,Gdv,1
Khä,Gdv,1
Ke,Gdv,3
Kn,Gdv,1
Kda,Gdv,1
Kän,Gdv,1
Mr,Gdv,2
Mö,Gdv,1
Nvk,Gdv,1
Ngd,Gdv,1
Nyh,Gdv,1
Rs,Gdv,1
R,Gdv,1
Rön,Gdv,1
Ssä,Gdv,1
Skg,Gdv,1
Sol,Gdv,2
So,Gdv,2
Spå,Gdv,2
Cst,Gdv,17
Sst,Gdv,4
Sta,Gdv,1
Sub,Gdv,3
Söc,Gdv,1
Söd,Gdv,1
Söu,Gdv,1
Tåd,Gdv,1
Tul,Gdv,1
Tu,Gdv,2
Ts,Gdv,1
Udl,Gdv,1
Upv,Gdv,2
U,Gdv,1
Vhe,Gdv,1
Åbe,Gdv,2
Äs,Gdv,3
Öso,Gdv,1
Öte,Gdv,1
Bkb,Hnd,317
Bro,Hnd,139
Bål,Hnd,205
Fas,Hnd,299
Flb,Hnd,1003
Gn,Hnd,84
Gdv,Hnd,2
Hnd,Hnd,0
Hel,Hnd,434
Hfa,Hnd,1
Hu,Hnd,618
Hgv,Hnd,185
Jkb,Hnd,727
Jbo,Hnd,300
Khä,Hnd,289
Ke,Hnd,847
Kn,Hnd,5
Kda,Hnd,2
Kän,Hnd,241
Mr,Hnd,458
Mö,Hnd,1
Nvk,Hnd,144
Ngd,Hnd,2
Nyh,Hnd,95
Rs,Hnd,72
R,Hnd,285
Rön,Hnd,212
Ssä,Hnd,1
Skg,Hnd,347
Sol,Hnd,570
So,Hnd,736
Spå,Hnd,574
Cst,Hnd,6675
Sst,Hnd,1388
Sta,Hnd,277
Sub,Hnd,873
Söc,Hnd,76
Söd,Hnd,101
Söu,Hnd,2
Tåd,Hnd,189
Tul,Hnd,349
Tu,Hnd,605
Ts,Hnd,2
Udl,Hnd,250
Upv,Hnd,510
U,Hnd,22
Vhe,Hnd,17
Åbe,Hnd,764
Äs,Hnd,789
Öso,Hnd,2
Öte,Hnd,247
Bkb,Hel,373
Bro,Hel,163
Bål,Hel,241
Fas,Hel,289
Flb,Hel,1031
Gn,Hel,86
Gdv,Hel,2
Hnd,Hel,434
Hel,Hel,0
Hfa,Hel,1
Hu,Hel,635
Hgv,Hel,221
Jkb,Hel,856
Jbo,Hel,267
Khä,Hel,340
Ke,Hel,940
Kn,Hel,6
Kda,Hel,2
Kän,Hel,284
Mr,Hel,547
Mö,Hel,1
Nvk,Hel,172
Ngd,Hel,1
Nyh,Hel,85
Rs,Hel,86
R,Hel,341
Rön,Hel,217
Ssä,Hel,1
Skg,Hel,325
Sol,Hel,681
So,Hel,838
Spå,Hel,668
Cst,Hel,7290
Sst,Hel,1491
Sta,Hel,285
Sub,Hel,986
Söc,Hel,78
Söd,Hel,104
Söu,Hel,2
Tåd,Hel,179
Tul,Hel,358
Tu,Hel,622
Ts,Hel,2
Udl,Hel,289
Upv,Hel,610
U,Hel,26
Vhe,Hel,15
Åbe,Hel,802
Äs,Hel,811
Öso,Hel,2
Öte,Hel,254
Bkb,Hfa,1
Bro,Hfa,1
Bål,Hfa,1
Fas,Hfa,1
Flb,Hfa,2
Gn,Hfa,1
Gdv,Hfa,1
Hnd,Hfa,1
Hel,Hfa,1
Hfa,Hfa,0
Hu,Hfa,1
Hgv,Hfa,1
Jkb,Hfa,1
Jbo,Hfa,1
Khä,Hfa,1
Ke,Hfa,1
Kn,Hfa,1
Kda,Hfa,1
Kän,Hfa,1
Mr,Hfa,1
Mö,Hfa,1
Nvk,Hfa,1
Ngd,Hfa,1
Nyh,Hfa,1
Rs,Hfa,1
R,Hfa,1
Rön,Hfa,1
Ssä,Hfa,1
Skg,Hfa,1
Sol,Hfa,1
So,Hfa,1
Spå,Hfa,1
Cst,Hfa,8
Sst,Hfa,2
Sta,Hfa,1
Sub,Hfa,1
Söc,Hfa,1
Söd,Hfa,1
Söu,Hfa,1
Tåd,Hfa,1
Tul,Hfa,1
Tu,Hfa,1
Ts,Hfa,1
Udl,Hfa,1
Upv,Hfa,1
U,Hfa,1
Vhe,Hfa,1
Åbe,Hfa,1
Äs,Hfa,1
Öso,Hfa,1
Öte,Hfa,1
Bkb,Hu,463
Bro,Hu,203
Bål,Hu,299
Fas,Hu,410
Flb,Hu,1530
Gn,Hu,127
Gdv,Hu,2
Hnd,Hu,618
Hel,Hu,635
Hfa,Hu,1
Hu,Hu,0
Hgv,Hu,271
Jkb,Hu,1063
Jbo,Hu,379
Khä,Hu,423
Ke,Hu,1238
Kn,Hu,7
Kda,Hu,3
Kän,Hu,352
Mr,Hu,670
Mö,Hu,1
Nvk,Hu,210
Ngd,Hu,2
Nyh,Hu,120
Rs,Hu,105
R,Hu,417
Rön,Hu,322
Ssä,Hu,1
Skg,Hu,470
Sol,Hu,834
So,Hu,1076
Spå,Hu,839
Cst,Hu,9762
Sst,Hu,2030
Sta,Hu,416
Sub,Hu,1277
Söc,Hu,115
Söd,Hu,154
Söu,Hu,2
Tåd,Hu,259
Tul,Hu,531
Tu,Hu,922
Ts,Hu,2
Udl,Hu,366
Upv,Hu,746
U,Hu,31
Vhe,Hu,21
Åbe,Hu,1117
Äs,Hu,1154
Öso,Hu,3
Öte,Hu,377
Bkb,Hgv,159
Bro,Hgv,66
Bål,Hgv,97
Fas,Hgv,123
Flb,Hgv,440
Gn,Hgv,37
Gdv,Hgv,1
Hnd,Hgv,185
Hel,Hgv,221
Hfa,Hgv,1
Hu,Hgv,271
Hgv,Hgv,0
Jkb,Hgv,344
Jbo,Hgv,114
Khä,Hgv,148
Ke,Hgv,401
Kn,Hgv,3
Kda,Hgv,1
Kän,Hgv,114
Mr,Hgv,242
Mö,Hgv,1
Nvk,Hgv,76
Ngd,Hgv,1
Nyh,Hgv,36
Rs,Hgv,38
R,Hgv,151
Rön,Hgv,93
Ssä,Hgv,1
Skg,Hgv,139
Sol,Hgv,296
So,Hgv,357
Spå,Hgv,285
Cst,Hgv,3107
Sst,Hgv,636
Sta,Hgv,122
Sub,Hgv,421
Söc,Hgv,33
Söd,Hgv,45
Söu,Hgv,1
Tåd,Hgv,77
Tul,Hgv,153
Tu,Hgv,265
Ts,Hgv,1
Udl,Hgv,124
Upv,Hgv,269
U,Hgv,12
Vhe,Hgv,7
Åbe,Hgv,342
Äs,Hgv,346
Öso,Hgv,1
Öte,Hgv,109
Bkb,Jkb,650
Bro,Jkb,292
Bål,Jkb,431
Fas,Jkb,483
Flb,Jkb,1727
Gn,Jkb,144
Gdv,Jkb,2
Hnd,Jkb,727
Hel,Jkb,856
Hfa,Jkb,1
Hu,Jkb,1063
Hgv,Jkb,344
Jkb,Jkb,0
Jbo,Jkb,447
Khä,Jkb,610
Ke,Jkb,1574
Kn,Jkb,9
Kda,Jkb,3
Kän,Jkb,508
Mr,Jkb,838
Mö,Jkb,1
Nvk,Jkb,267
Ngd,Jkb,2
Nyh,Jkb,141
Rs,Jkb,133
R,Jkb,570
Rön,Jkb,364
Ssä,Jkb,1
Skg,Jkb,544
Sol,Jkb,1137
So,Jkb,1397
Spå,Jkb,1152
Cst,Jkb,12208
Sst,Jkb,2496
Sta,Jkb,477
Sub,Jkb,1685
Söc,Jkb,130
Söd,Jkb,174
Söu,Jkb,2
Tåd,Jkb,300
Tul,Jkb,600
Tu,Jkb,1040
Ts,Jkb,3
Udl,Jkb,465
Upv,Jkb,948
U,Jkb,40
Vhe,Jkb,24
Åbe,Jkb,1343
Äs,Jkb,1358
Öso,Jkb,3
Öte,Jkb,425
Bkb,Jbo,195
Bro,Jbo,85
Bål,Jbo,126
Fas,Jbo,183
Flb,Jbo,616
Gn,Jbo,52
Gdv,Jbo,1
Hnd,Jbo,300
Hel,Jbo,267
Hfa,Jbo,1
Hu,Jbo,379
Hgv,Jbo,114
Jkb,Jbo,447
Jbo,Jbo,0
Khä,Jbo,178
Ke,Jbo,520
Kn,Jbo,3
Kda,Jbo,2
Kän,Jbo,148
Mr,Jbo,282
Mö,Jbo,1
Nvk,Jbo,88
Ngd,Jbo,1
Nyh,Jbo,60
Rs,Jbo,44
R,Jbo,175
Rön,Jbo,130
Ssä,Jbo,1
Skg,Jbo,213
Sol,Jbo,350
So,Jbo,452
Spå,Jbo,353
Cst,Jbo,4098
Sst,Jbo,852
Sta,Jbo,170
Sub,Jbo,536
Söc,Jbo,47
Söd,Jbo,62
Söu,Jbo,1
Tåd,Jbo,116
Tul,Jbo,214
Tu,Jbo,372
Ts,Jbo,1
Udl,Jbo,154
Upv,Jbo,314
U,Jbo,13
Vhe,Jbo,11
Åbe,Jbo,469
Äs,Jbo,485
Öso,Jbo,2
Öte,Jbo,152
Bkb,Khä,259
Bro,Khä,120
Bål,Khä,177
Fas,Khä,192
Flb,Khä,686
Gn,Khä,57
Gdv,Khä,1
Hnd,Khä,289
Hel,Khä,341
Hfa,Khä,1
Hu,Khä,423
Hgv,Khä,149
Jkb,Khä,610
Jbo,Khä,178
Khä,Khä,0
Ke,Khä,626
Kn,Khä,4
Kda,Khä,2
Kän,Khä,209
Mr,Khä,378
Mö,Khä,1
Nvk,Khä,117
Ngd,Khä,1
Nyh,Khä,56
Rs,Khä,59
R,Khä,236
Rön,Khä,145
Ssä,Khä,1
Skg,Khä,217
Sol,Khä,450
So,Khä,556
Spå,Khä,458
Cst,Khä,4853
Sst,Khä,993
Sta,Khä,190
Sub,Khä,670
Söc,Khä,52
Söd,Khä,69
Söu,Khä,1
Tåd,Khä,120
Tul,Khä,239
Tu,Khä,414
Ts,Khä,1
Udl,Khä,185
Upv,Khä,419
U,Khä,18
Vhe,Khä,10
Åbe,Khä,534
Äs,Khä,540
Öso,Khä,2
Öte,Khä,169
Bkb,Ke,685
Bro,Ke,300
Bål,Ke,442
Fas,Ke,562
Flb,Ke,2012
Gn,Ke,167
Gdv,Ke,3
Hnd,Ke,847
Hel,Ke,940
Hfa,Ke,1
Hu,Ke,1238
Hgv,Ke,401
Jkb,Ke,1574
Jbo,Ke,520
Khä,Ke,626
Ke,Ke,0
Kn,Ke,11
Kda,Ke,4
Kän,Ke,521
Mr,Ke,992
Mö,Ke,1
Nvk,Ke,311
Ngd,Ke,2
Nyh,Ke,165
Rs,Ke,155
R,Ke,617
Rön,Ke,424
Ssä,Ke,2
Skg,Ke,634
Sol,Ke,1235
So,Ke,1594
Spå,Ke,1243
Cst,Ke,14221
Sst,Ke,2908
Sta,Ke,556
Sub,Ke,1891
Söc,Ke,151
Söd,Ke,202
Söu,Ke,3
Tåd,Ke,349
Tul,Ke,699
Tu,Ke,1212
Ts,Ke,3
Udl,Ke,542
Upv,Ke,1105
U,Ke,46
Vhe,Ke,28
Åbe,Ke,1565
Äs,Ke,1582
Öso,Ke,4
Öte,Ke,495
Bkb,Kn,4
Bro,Kn,2
Bål,Kn,4
Fas,Kn,4
Flb,Kn,12
Gn,Kn,1
Gdv,Kn,1
Hnd,Kn,5
Hel,Kn,6
Hfa,Kn,1
Hu,Kn,8
Hgv,Kn,3
Jkb,Kn,9
Jbo,Kn,3
Khä,Kn,4
Ke,Kn,11
Kn,Kn,0
Kda,Kn,1
Kän,Kn,3
Mr,Kn,8
Mö,Kn,1
Nvk,Kn,2
Ngd,Kn,1
Nyh,Kn,1
Rs,Kn,2
R,Kn,4
Rön,Kn,3
Ssä,Kn,1
Skg,Kn,4
Sol,Kn,8
So,Kn,10
Spå,Kn,7
Cst,Kn,81
Sst,Kn,17
Sta,Kn,4
Sub,Kn,11
Söc,Kn,1
Söd,Kn,2
Söu,Kn,1
Tåd,Kn,2
Tul,Kn,4
Tu,Kn,7
Ts,Kn,1
Udl,Kn,4
Upv,Kn,8
U,Kn,1
Vhe,Kn,1
Åbe,Kn,9
Äs,Kn,9
Öso,Kn,1
Öte,Kn,3
Bkb,Kda,2
Bro,Kda,1
Bål,Kda,1
Fas,Kda,2
Flb,Kda,5
Gn,Kda,1
Gdv,Kda,1
Hnd,Kda,2
Hel,Kda,2
Hfa,Kda,1
Hu,Kda,3
Hgv,Kda,1
Jkb,Kda,3
Jbo,Kda,2
Khä,Kda,2
Ke,Kda,4
Kn,Kda,1
Kda,Kda,0
Kän,Kda,1
Mr,Kda,2
Mö,Kda,1
Nvk,Kda,1
Ngd,Kda,1
Nyh,Kda,1
Rs,Kda,1
R,Kda,2
Rön,Kda,1
Ssä,Kda,1
Skg,Kda,2
Sol,Kda,3
So,Kda,3
Spå,Kda,3
Cst,Kda,27
Sst,Kda,6
Sta,Kda,2
Sub,Kda,4
Söc,Kda,1
Söd,Kda,1
Söu,Kda,1
Tåd,Kda,1
Tul,Kda,2
Tu,Kda,3
Ts,Kda,1
Udl,Kda,1
Upv,Kda,3
U,Kda,1
Vhe,Kda,1
Åbe,Kda,4
Äs,Kda,4
Öso,Kda,1
Öte,Kda,1
Bkb,Kän,215
Bro,Kän,104
Bål,Kän,153
Fas,Kän,160
Flb,Kän,570
Gn,Kän,48
Gdv,Kän,1
Hnd,Kän,240
Hel,Kän,283
Hfa,Kän,1
Hu,Kän,351
Hgv,Kän,114
Jkb,Kän,507
Jbo,Kän,148
Khä,Kän,208
Ke,Kän,520
Kn,Kän,3
Kda,Kän,1
Kän,Kän,0
Mr,Kän,277
Mö,Kän,1
Nvk,Kän,88
Ngd,Kän,1
Nyh,Kän,47
Rs,Kän,49
R,Kän,196
Rön,Kän,120
Ssä,Kän,1
Skg,Kän,180
Sol,Kän,376
So,Kän,462
Spå,Kän,381
Cst,Kän,4030
Sst,Kän,824
Sta,Kän,158
Sub,Kän,556
Söc,Kän,43
Söd,Kän,58
Söu,Kän,1
Tåd,Kän,99
Tul,Kän,198
Tu,Kän,344
Ts,Kän,1
Udl,Kän,154
Upv,Kän,348
U,Kän,15
Vhe,Kän,8
Åbe,Kän,444
Äs,Kän,449
Öso,Kän,1
Öte,Kän,141
Bkb,Mr,363
Bro,Mr,180
Bål,Mr,286
Fas,Mr,303
Flb,Mr,1082
Gn,Mr,90
Gdv,Mr,2
Hnd,Mr,456
Hel,Mr,544
Hfa,Mr,1
Hu,Mr,667
Hgv,Mr,240
Jkb,Mr,833
Jbo,Mr,280
Khä,Mr,376
Ke,Mr,987
Kn,Mr,8
Kda,Mr,2
Kän,Mr,313
Mr,Mr,0
Mö,Mr,1
Nvk,Mr,189
Ngd,Mr,1
Nyh,Mr,89
Rs,Mr,106
R,Mr,382
Rön,Mr,228
Ssä,Mr,1
Skg,Mr,341
Sol,Mr,729
So,Mr,880
Spå,Mr,702
Cst,Mr,7652
Sst,Mr,1565
Sta,Mr,299
Sub,Mr,1035
Söc,Mr,82
Söd,Mr,109
Söu,Mr,2
Tåd,Mr,188
Tul,Mr,376
Tu,Mr,652
Ts,Mr,2
Udl,Mr,304
Upv,Mr,714
U,Mr,34
Vhe,Mr,16
Åbe,Mr,842
Äs,Mr,851
Öso,Mr,2
Öte,Mr,267
Bkb,Mö,1
Bro,Mö,1
Bål,Mö,1
Fas,Mö,1
Flb,Mö,2
Gn,Mö,1
Gdv,Mö,1
Hnd,Mö,1
Hel,Mö,1
Hfa,Mö,1
Hu,Mö,1
Hgv,Mö,1
Jkb,Mö,1
Jbo,Mö,1
Khä,Mö,1
Ke,Mö,1
Kn,Mö,1
Kda,Mö,1
Kän,Mö,1
Mr,Mö,1
Mö,Mö,0
Nvk,Mö,1
Ngd,Mö,1
Nyh,Mö,1
Rs,Mö,1
R,Mö,1
Rön,Mö,1
Ssä,Mö,1
Skg,Mö,1
Sol,Mö,1
So,Mö,1
Spå,Mö,1
Cst,Mö,8
Sst,Mö,2
Sta,Mö,1
Sub,Mö,1
Söc,Mö,1
Söd,Mö,1
Söu,Mö,1
Tåd,Mö,1
Tul,Mö,1
Tu,Mö,1
Ts,Mö,1
Udl,Mö,1
Upv,Mö,1
U,Mö,1
Vhe,Mö,1
Åbe,Mö,1
Äs,Mö,1
Öso,Mö,1
Öte,Mö,1
Bkb,Nvk,123
Bro,Nvk,51
Bål,Nvk,75
Fas,Nvk,96
Flb,Nvk,341
Gn,Nvk,29
Gdv,Nvk,1
Hnd,Nvk,144
Hel,Nvk,172
Hfa,Nvk,1
Hu,Nvk,210
Hgv,Nvk,76
Jkb,Nvk,267
Jbo,Nvk,88
Khä,Nvk,117
Ke,Nvk,311
Kn,Nvk,2
Kda,Nvk,1
Kän,Nvk,89
Mr,Nvk,190
Mö,Nvk,1
Nvk,Nvk,0
Ngd,Nvk,1
Nyh,Nvk,28
Rs,Nvk,30
R,Nvk,118
Rön,Nvk,72
Ssä,Nvk,1
Skg,Nvk,108
Sol,Nvk,230
So,Nvk,277
Spå,Nvk,221
Cst,Nvk,2408
Sst,Nvk,493
Sta,Nvk,94
Sub,Nvk,326
Söc,Nvk,26
Söd,Nvk,35
Söu,Nvk,1
Tåd,Nvk,60
Tul,Nvk,119
Tu,Nvk,206
Ts,Nvk,1
Udl,Nvk,96
Upv,Nvk,211
U,Nvk,9
Vhe,Nvk,5
Åbe,Nvk,265
Äs,Nvk,268
Öso,Nvk,1
Öte,Nvk,84
Bkb,Ngd,1
Bro,Ngd,1
Bål,Ngd,1
Fas,Ngd,1
Flb,Ngd,3
Gn,Ngd,1
Gdv,Ngd,1
Hnd,Ngd,2
Hel,Ngd,1
Hfa,Ngd,1
Hu,Ngd,2
Hgv,Ngd,1
Jkb,Ngd,2
Jbo,Ngd,1
Khä,Ngd,1
Ke,Ngd,2
Kn,Ngd,1
Kda,Ngd,1
Kän,Ngd,1
Mr,Ngd,2
Mö,Ngd,1
Nvk,Ngd,1
Ngd,Ngd,0
Nyh,Ngd,1
Rs,Ngd,1
R,Ngd,1
Rön,Ngd,1
Ssä,Ngd,1
Skg,Ngd,1
Sol,Ngd,2
So,Ngd,2
Spå,Ngd,2
Cst,Ngd,15
Sst,Ngd,3
Sta,Ngd,1
Sub,Ngd,2
Söc,Ngd,1
Söd,Ngd,1
Söu,Ngd,1
Tåd,Ngd,1
Tul,Ngd,1
Tu,Ngd,2
Ts,Ngd,1
Udl,Ngd,1
Upv,Ngd,2
U,Ngd,1
Vhe,Ngd,1
Åbe,Ngd,2
Äs,Ngd,2
Öso,Ngd,1
Öte,Ngd,1
Bkb,Nyh,62
Bro,Nyh,27
Bål,Nyh,40
Fas,Nyh,58
Flb,Nyh,195
Gn,Nyh,17
Gdv,Nyh,1
Hnd,Nyh,95
Hel,Nyh,85
Hfa,Nyh,1
Hu,Nyh,120
Hgv,Nyh,36
Jkb,Nyh,142
Jbo,Nyh,60
Khä,Nyh,57
Ke,Nyh,165
Kn,Nyh,1
Kda,Nyh,1
Kän,Nyh,47
Mr,Nyh,94
Mö,Nyh,1
Nvk,Nyh,28
Ngd,Nyh,1
Nyh,Nyh,0
Rs,Nyh,14
R,Nyh,56
Rön,Nyh,41
Ssä,Nyh,1
Skg,Nyh,68
Sol,Nyh,111
So,Nyh,143
Spå,Nyh,112
Cst,Nyh,1296
Sst,Nyh,270
Sta,Nyh,54
Sub,Nyh,170
Söc,Nyh,15
Söd,Nyh,20
Söu,Nyh,1
Tåd,Nyh,37
Tul,Nyh,68
Tu,Nyh,131
Ts,Nyh,1
Udl,Nyh,49
Upv,Nyh,99
U,Nyh,5
Vhe,Nyh,4
Åbe,Nyh,149
Äs,Nyh,154
Öso,Nyh,1
Öte,Nyh,55
Bkb,Rs,61
Bro,Rs,29
Bål,Rs,42
Fas,Rs,48
Flb,Rs,169
Gn,Rs,15
Gdv,Rs,1
Hnd,Rs,72
Hel,Rs,85
Hfa,Rs,1
Hu,Rs,104
Hgv,Rs,38
Jkb,Rs,133
Jbo,Rs,44
Khä,Rs,59
Ke,Rs,154
Kn,Rs,2
Kda,Rs,1
Kän,Rs,49
Mr,Rs,106
Mö,Rs,1
Nvk,Rs,30
Ngd,Rs,1
Nyh,Rs,14
Rs,Rs,0
R,Rs,60
Rön,Rs,36
Ssä,Rs,1
Skg,Rs,54
Sol,Rs,114
So,Rs,138
Spå,Rs,110
Cst,Rs,1195
Sst,Rs,245
Sta,Rs,47
Sub,Rs,162
Söc,Rs,13
Söd,Rs,17
Söu,Rs,1
Tåd,Rs,30
Tul,Rs,59
Tu,Rs,102
Ts,Rs,1
Udl,Rs,48
Upv,Rs,112
U,Rs,5
Vhe,Rs,3
Åbe,Rs,132
Äs,Rs,133
Öso,Rs,1
Öte,Rs,42
Bkb,R,243
Bro,R,113
Bål,R,166
Fas,R,189
Flb,R,676
Gn,R,57
Gdv,R,1
Hnd,R,285
Hel,R,340
Hfa,R,1
Hu,R,416
Hgv,R,150
Jkb,R,573
Jbo,R,175
Khä,R,235
Ke,R,616
Kn,R,4
Kda,R,2
Kän,R,196
Mr,R,383
Mö,R,1
Nvk,R,118
Ngd,R,1
Nyh,R,56
Rs,R,60
R,R,0
Rön,R,143
Ssä,R,1
Skg,R,213
Sol,R,455
So,R,549
Spå,R,438
Cst,R,4776
Sst,R,977
Sta,R,187
Sub,R,646
Söc,R,51
Söd,R,68
Söu,R,1
Tåd,R,118
Tul,R,235
Tu,R,407
Ts,R,1
Udl,R,190
Upv,R,426
U,R,18
Vhe,R,10
Åbe,R,526
Äs,R,532
Öso,R,2
Öte,R,167
Bkb,Rön,159
Bro,Rön,70
Bål,Rön,103
Fas,Rön,141
Flb,Rön,536
Gn,Rön,49
Gdv,Rön,1
Hnd,Rön,212
Hel,Rön,217
Hfa,Rön,1
Hu,Rön,322
Hgv,Rön,93
Jkb,Rön,364
Jbo,Rön,130
Khä,Rön,145
Ke,Rön,424
Kn,Rön,3
Kda,Rön,1
Kän,Rön,121
Mr,Rön,229
Mö,Rön,1
Nvk,Rön,72
Ngd,Rön,1
Nyh,Rön,45
Rs,Rön,36
R,Rön,143
Rön,Rön,0
Ssä,Rön,1
Skg,Rön,158
Sol,Rön,286
So,Rön,368
Spå,Rön,287
Cst,Rön,3338
Sst,Rön,694
Sta,Rön,142
Sub,Rön,437
Söc,Rön,45
Söd,Rön,60
Söu,Rön,1
Tåd,Rön,87
Tul,Rön,191
Tu,Rön,342
Ts,Rön,1
Udl,Rön,125
Upv,Rön,255
U,Rön,11
Vhe,Rön,7
Åbe,Rön,382
Äs,Rön,395
Öso,Rön,1
Öte,Rön,146
Bkb,Ssä,1
Bro,Ssä,1
Bål,Ssä,1
Fas,Ssä,1
Flb,Ssä,2
Gn,Ssä,1
Gdv,Ssä,1
Hnd,Ssä,1
Hel,Ssä,1
Hfa,Ssä,1
Hu,Ssä,1
Hgv,Ssä,1
Jkb,Ssä,1
Jbo,Ssä,1
Khä,Ssä,1
Ke,Ssä,2
Kn,Ssä,1
Kda,Ssä,1
Kän,Ssä,1
Mr,Ssä,1
Mö,Ssä,1
Nvk,Ssä,1
Ngd,Ssä,1
Nyh,Ssä,1
Rs,Ssä,1
R,Ssä,1
Rön,Ssä,1
Ssä,Ssä,0
Skg,Ssä,1
Sol,Ssä,1
So,Ssä,1
Spå,Ssä,1
Cst,Ssä,9
Sst,Ssä,2
Sta,Ssä,1
Sub,Ssä,2
Söc,Ssä,1
Söd,Ssä,1
Söu,Ssä,1
Tåd,Ssä,1
Tul,Ssä,1
Tu,Ssä,1
Ts,Ssä,1
Udl,Ssä,1
Upv,Ssä,1
U,Ssä,1
Vhe,Ssä,1
Åbe,Ssä,2
Äs,Ssä,2
Öso,Ssä,1
Öte,Ssä,1
Bkb,Skg,237
Bro,Skg,104
Bål,Skg,153
Fas,Skg,224
Flb,Skg,752
Gn,Skg,63
Gdv,Skg,1
Hnd,Skg,347
Hel,Skg,325
Hfa,Skg,1
Hu,Skg,463
Hgv,Skg,139
Jkb,Skg,545
Jbo,Skg,214
Khä,Skg,217
Ke,Skg,634
Kn,Skg,4
Kda,Skg,2
Kän,Skg,181
Mr,Skg,343
Mö,Skg,1
Nvk,Skg,108
Ngd,Skg,1
Nyh,Skg,68
Rs,Skg,54
R,Skg,214
Rön,Skg,159
Ssä,Skg,1
Skg,Skg,0
Sol,Skg,427
So,Skg,551
Spå,Skg,430
Cst,Skg,5000
Sst,Skg,1040
Sta,Skg,208
Sub,Skg,654
Söc,Skg,57
Söd,Skg,76
Söu,Skg,1
Tåd,Skg,141
Tul,Skg,261
Tu,Skg,453
Ts,Skg,1
Udl,Skg,188
Upv,Skg,382
U,Skg,16
Vhe,Skg,12
Åbe,Skg,572
Äs,Skg,591
Öso,Skg,2
Öte,Skg,185
Bkb,Sol,496
Bro,Sol,202
Bål,Sol,299
Fas,Sol,380
Flb,Sol,1358
Gn,Sol,113
Gdv,Sol,2
Hnd,Sol,572
Hel,Sol,683
Hfa,Sol,1
Hu,Sol,836
Hgv,Sol,297
Jkb,Sol,1139
Jbo,Sol,351
Khä,Sol,453
Ke,Sol,1237
Kn,Sol,8
Kda,Sol,3
Kän,Sol,352
Mr,Sol,734
Mö,Sol,1
Nvk,Sol,230
Ngd,Sol,2
Nyh,Sol,111
Rs,Sol,115
R,Sol,457
Rön,Sol,286
Ssä,Sol,1
Skg,Sol,428
Sol,Sol,0
So,Sol,1103
Spå,Sol,880
Cst,Sol,9597
Sst,Sol,1962
Sta,Sol,375
Sub,Sol,1298
Söc,Sol,102
Söd,Sol,137
Söu,Sol,2
Tåd,Sol,236
Tul,Sol,472
Tu,Sol,818
Ts,Sol,2
Udl,Sol,381
Upv,Sol,817
U,Sol,34
Vhe,Sol,19
Åbe,Sol,1056
Äs,Sol,1068
Öso,Sol,3
Öte,Sol,334
Bkb,So,609
Bro,So,261
Bål,So,385
Fas,So,489
Flb,So,1750
Gn,So,146
Gdv,So,2
Hnd,So,737
Hel,So,839
Hfa,So,1
Hu,So,1077
Hgv,So,358
Jkb,So,1398
Jbo,So,453
Khä,So,556
Ke,So,1595
Kn,So,10
Kda,So,3
Kän,So,453
Mr,So,885
Mö,So,1
Nvk,So,277
Ngd,So,2
Nyh,So,143
Rs,So,138
R,So,551
Rön,So,369
Ssä,So,1
Skg,So,552
Sol,So,1102
So,So,0
Spå,So,1094
Cst,So,12371
Sst,So,2530
Sta,So,483
Sub,So,1673
Söc,So,131
Söd,So,176
Söu,So,2
Tåd,So,304
Tul,So,608
Tu,So,1055
Ts,So,3
Udl,So,484
Upv,So,986
U,So,41
Vhe,So,25
Åbe,So,1361
Äs,So,1376
Öso,So,3
Öte,So,431
Bkb,Spå,503
Bro,Spå,220
Bål,Spå,325
Fas,Spå,383
Flb,Spå,1368
Gn,Spå,114
Gdv,Spå,2
Hnd,Spå,576
Hel,Spå,666
Hfa,Spå,1
Hu,Spå,842
Hgv,Spå,286
Jkb,Spå,1156
Jbo,Spå,354
Khä,Spå,460
Ke,Spå,1247
Kn,Spå,8
Kda,Spå,3
Kän,Spå,383
Mr,Spå,664
Mö,Spå,1
Nvk,Spå,222
Ngd,Spå,2
Nyh,Spå,112
Rs,Spå,106
R,Spå,420
Rön,Spå,288
Ssä,Spå,1
Skg,Spå,431
Sol,Spå,881
So,Spå,1107
Spå,Spå,0
Cst,Spå,9670
Sst,Spå,1977
Sta,Spå,378
Sub,Spå,1335
Söc,Spå,103
Söd,Spå,138
Söu,Spå,2
Tåd,Spå,238
Tul,Spå,475
Tu,Spå,825
Ts,Spå,2
Udl,Spå,379
Upv,Spå,751
U,Spå,32
Vhe,Spå,19
Åbe,Spå,1064
Äs,Spå,1076
Öso,Spå,3
Öte,Spå,337
Bkb,Cst,5314
Bro,Cst,2322
Bål,Cst,3429
Fas,Cst,4432
Flb,Cst,15860
Gn,Cst,1316
Gdv,Cst,17
Hnd,Cst,6675
Hel,Cst,7290
Hfa,Cst,8
Hu,Cst,9764
Hgv,Cst,3105
Jkb,Cst,12206
Jbo,Cst,4098
Khä,Cst,4851
Ke,Cst,14220
Kn,Cst,82
Kda,Cst,27
Kän,Cst,4040
Mr,Cst,7695
Mö,Cst,8
Nvk,Cst,2407
Ngd,Cst,15
Nyh,Cst,1295
Rs,Cst,1200
R,Cst,4785
Rön,Cst,3339
Ssä,Cst,9
Skg,Cst,4998
Sol,Cst,9578
So,Cst,12359
Spå,Cst,9641
Cst,Cst,0
Sst,Cst,22927
Sta,Cst,4378
Sub,Cst,14667
Söc,Cst,1188
Söd,Cst,1593
Söu,Cst,17
Tåd,Cst,2752
Tul,Cst,5507
Tu,Cst,9558
Ts,Cst,19
Udl,Cst,4200
Upv,Cst,8568
U,Cst,363
Vhe,Cst,221
Åbe,Cst,12337
Äs,Cst,12472
Öso,Cst,26
Öte,Cst,3902
Bkb,Sst,1087
Bro,Sst,475
Bål,Sst,701
Fas,Sst,922
Flb,Sst,3298
Gn,Sst,274
Gdv,Sst,4
Hnd,Sst,1388
Hel,Sst,1491
Hfa,Sst,2
Hu,Sst,2030
Hgv,Sst,635
Jkb,Sst,2496
Jbo,Sst,852
Khä,Sst,992
Ke,Sst,2908
Kn,Sst,17
Kda,Sst,6
Kän,Sst,826
Mr,Sst,1573
Mö,Sst,2
Nvk,Sst,492
Ngd,Sst,3
Nyh,Sst,270
Rs,Sst,246
R,Sst,979
Rön,Sst,694
Ssä,Sst,2
Skg,Sst,1039
Sol,Sst,1959
So,Sst,2527
Spå,Sst,1971
Cst,Sst,22927
Sst,Sst,0
Sta,Sst,911
Sub,Sst,2999
Söc,Sst,247
Söd,Sst,332
Söu,Sst,4
Tåd,Sst,573
Tul,Sst,1145
Tu,Sst,1987
Ts,Sst,4
Udl,Sst,859
Upv,Sst,1752
U,Sst,73
Vhe,Sst,46
Åbe,Sst,2565
Äs,Sst,2593
Öso,Sst,6
Öte,Sst,812
Bkb,Sta,208
Bro,Sta,91
Bål,Sta,134
Fas,Sta,184
Flb,Sta,675
Gn,Sta,56
Gdv,Sta,1
Hnd,Sta,277
Hel,Sta,285
Hfa,Sta,1
Hu,Sta,416
Hgv,Sta,122
Jkb,Sta,477
Jbo,Sta,170
Khä,Sta,190
Ke,Sta,556
Kn,Sta,4
Kda,Sta,2
Kän,Sta,158
Mr,Sta,301
Mö,Sta,1
Nvk,Sta,94
Ngd,Sta,1
Nyh,Sta,54
Rs,Sta,47
R,Sta,187
Rön,Sta,143
Ssä,Sta,1
Skg,Sta,208
Sol,Sta,374
So,Sta,483
Spå,Sta,377
Cst,Sta,4378
Sst,Sta,911
Sta,Sta,0
Sub,Sta,573
Söc,Sta,51
Söd,Sta,68
Söu,Sta,1
Tåd,Sta,115
Tul,Sta,235
Tu,Sta,407
Ts,Sta,1
Udl,Sta,164
Upv,Sta,335
U,Sta,14
Vhe,Sta,10
Åbe,Sta,501
Äs,Sta,518
Öso,Sta,2
Öte,Sta,166
Bkb,Sub,733
Bro,Sub,321
Bål,Sub,473
Fas,Sub,580
Flb,Sub,2074
Gn,Sub,172
Gdv,Sub,3
Hnd,Sub,873
Hel,Sub,989
Hfa,Sub,1
Hu,Sub,1277
Hgv,Sub,422
Jkb,Sub,1684
Jbo,Sub,536
Khä,Sub,670
Ke,Sub,1890
Kn,Sub,11
Kda,Sub,4
Kän,Sub,558
Mr,Sub,1044
Mö,Sub,1
Nvk,Sub,327
Ngd,Sub,2
Nyh,Sub,170
Rs,Sub,163
R,Sub,636
Rön,Sub,437
Ssä,Sub,2
Skg,Sub,654
Sol,Sub,1300
So,Sub,1677
Spå,Sub,1330
Cst,Sub,14662
Sst,Sub,2998
Sta,Sub,573
Sub,Sub,0
Söc,Sub,156
Söd,Sub,209
Söu,Sub,3
Tåd,Sub,360
Tul,Sub,720
Tu,Sub,1250
Ts,Sub,3
Udl,Sub,570
Upv,Sub,1163
U,Sub,48
Vhe,Sub,29
Åbe,Sub,1613
Äs,Sub,1631
Öso,Sub,4
Öte,Sub,511
Bkb,Söc,57
Bro,Söc,25
Bål,Söc,37
Fas,Söc,50
Flb,Söc,191
Gn,Söc,19
Gdv,Söc,1
Hnd,Söc,76
Hel,Söc,78
Hfa,Söc,1
Hu,Söc,115
Hgv,Söc,33
Jkb,Söc,130
Jbo,Söc,47
Khä,Söc,52
Ke,Söc,151
Kn,Söc,1
Kda,Söc,1
Kän,Söc,43
Mr,Söc,82
Mö,Söc,1
Nvk,Söc,26
Ngd,Söc,1
Nyh,Söc,17
Rs,Söc,13
R,Söc,51
Rön,Söc,45
Ssä,Söc,1
Skg,Söc,57
Sol,Söc,102
So,Söc,131
Spå,Söc,102
Cst,Söc,1187
Sst,Söc,247
Sta,Söc,51
Sub,Söc,156
Söc,Söc,0
Söd,Söc,23
Söu,Söc,1
Tåd,Söc,31
Tul,Söc,68
Tu,Söc,122
Ts,Söc,1
Udl,Söc,45
Upv,Söc,91
U,Söc,4
Vhe,Söc,3
Åbe,Söc,136
Äs,Söc,141
Öso,Söc,1
Öte,Söc,55
Bkb,Söd,76
Bro,Söd,33
Bål,Söd,49
Fas,Söd,67
Flb,Söd,256
Gn,Söd,25
Gdv,Söd,1
Hnd,Söd,101
Hel,Söd,104
Hfa,Söd,1
Hu,Söd,154
Hgv,Söd,45
Jkb,Söd,174
Jbo,Söd,62
Khä,Söd,69
Ke,Söd,202
Kn,Söd,2
Kda,Söd,1
Kän,Söd,58
Mr,Söd,110
Mö,Söd,1
Nvk,Söd,35
Ngd,Söd,1
Nyh,Söd,23
Rs,Söd,18
R,Söd,68
Rön,Söd,60
Ssä,Söd,1
Skg,Söd,76
Sol,Söd,136
So,Söd,176
Spå,Söd,137
Cst,Söd,1592
Sst,Söd,331
Sta,Söd,68
Sub,Söd,209
Söc,Söd,23
Söd,Söd,0
Söu,Söd,1
Tåd,Söd,42
Tul,Söd,91
Tu,Söd,163
Ts,Söd,1
Udl,Söd,60
Upv,Söd,122
U,Söd,6
Vhe,Söd,4
Åbe,Söd,182
Äs,Söd,189
Öso,Söd,1
Öte,Söd,73
Bkb,Söu,1
Bro,Söu,1
Bål,Söu,1
Fas,Söu,1
Flb,Söu,3
Gn,Söu,1
Gdv,Söu,1
Hnd,Söu,2
Hel,Söu,2
Hfa,Söu,1
Hu,Söu,2
Hgv,Söu,1
Jkb,Söu,2
Jbo,Söu,1
Khä,Söu,1
Ke,Söu,3
Kn,Söu,1
Kda,Söu,1
Kän,Söu,1
Mr,Söu,2
Mö,Söu,1
Nvk,Söu,1
Ngd,Söu,1
Nyh,Söu,1
Rs,Söu,1
R,Söu,1
Rön,Söu,1
Ssä,Söu,1
Skg,Söu,1
Sol,Söu,2
So,Söu,2
Spå,Söu,2
Cst,Söu,17
Sst,Söu,4
Sta,Söu,1
Sub,Söu,3
Söc,Söu,1
Söd,Söu,1
Söu,Söu,0
Tåd,Söu,1
Tul,Söu,1
Tu,Söu,2
Ts,Söu,1
Udl,Söu,1
Upv,Söu,2
U,Söu,1
Vhe,Söu,1
Åbe,Söu,2
Äs,Söu,2
Öso,Söu,1
Öte,Söu,1
Bkb,Tåd,131
Bro,Tåd,57
Bål,Tåd,85
Fas,Tåd,123
Flb,Tåd,414
Gn,Tåd,35
Gdv,Tåd,1
Hnd,Tåd,189
Hel,Tåd,179
Hfa,Tåd,1
Hu,Tåd,259
Hgv,Tåd,77
Jkb,Tåd,300
Jbo,Tåd,116
Khä,Tåd,120
Ke,Tåd,349
Kn,Tåd,2
Kda,Tåd,1
Kän,Tåd,100
Mr,Tåd,189
Mö,Tåd,1
Nvk,Tåd,60
Ngd,Tåd,1
Nyh,Tåd,37
Rs,Tåd,30
R,Tåd,118
Rön,Tåd,88
Ssä,Tåd,1
Skg,Tåd,141
Sol,Tåd,235
So,Tåd,304
Spå,Tåd,237
Cst,Tåd,2752
Sst,Tåd,573
Sta,Tåd,115
Sub,Tåd,360
Söc,Tåd,31
Söd,Tåd,42
Söu,Tåd,1
Tåd,Tåd,0
Tul,Tåd,144
Tu,Tåd,250
Ts,Tåd,1
Udl,Tåd,104
Upv,Tåd,211
U,Tåd,9
Vhe,Tåd,7
Åbe,Tåd,315
Äs,Tåd,326
Öso,Tåd,1
Öte,Tåd,102
Bkb,Tul,261
Bro,Tul,114
Bål,Tul,169
Fas,Tul,232
Flb,Tul,884
Gn,Tul,76
Gdv,Tul,1
Hnd,Tul,349
Hel,Tul,358
Hfa,Tul,1
Hu,Tul,532
Hgv,Tul,153
Jkb,Tul,600
Jbo,Tul,214
Khä,Tul,239
Ke,Tul,699
Kn,Tul,4
Kda,Tul,2
Kän,Tul,199
Mr,Tul,378
Mö,Tul,1
Nvk,Tul,119
Ngd,Tul,1
Nyh,Tul,68
Rs,Tul,59
R,Tul,235
Rön,Tul,191
Ssä,Tul,1
Skg,Tul,261
Sol,Tul,471
So,Tul,607
Spå,Tul,474
Cst,Tul,5508
Sst,Tul,1145
Sta,Tul,235
Sub,Tul,721
Söc,Tul,68
Söd,Tul,91
Söu,Tul,1
Tåd,Tul,144
Tul,Tul,0
Tu,Tul,546
Ts,Tul,1
Udl,Tul,207
Upv,Tul,421
U,Tul,18
Vhe,Tul,12
Åbe,Tul,630
Äs,Tul,651
Öso,Tul,2
Öte,Tul,223
Bkb,Tu,453
Bro,Tu,198
Bål,Tu,293
Fas,Tu,402
Flb,Tu,1534
Gn,Tu,135
Gdv,Tu,2
Hnd,Tu,605
Hel,Tu,622
Hfa,Tu,1
Hu,Tu,922
Hgv,Tu,265
Jkb,Tu,1041
Jbo,Tu,372
Khä,Tu,414
Ke,Tu,1212
Kn,Tu,7
Kda,Tu,3
Kän,Tu,345
Mr,Tu,656
Mö,Tu,1
Nvk,Tu,206
Ngd,Tu,2
Nyh,Tu,130
Rs,Tu,103
R,Tu,408
Rön,Tu,342
Ssä,Tu,1
Skg,Tu,453
Sol,Tu,817
So,Tu,1054
Spå,Tu,822
Cst,Tu,9558
Sst,Tu,1988
Sta,Tu,407
Sub,Tu,1250
Söc,Tu,122
Söd,Tu,163
Söu,Tu,2
Tåd,Tu,250
Tul,Tu,546
Tu,Tu,0
Ts,Tu,2
Udl,Tu,358
Upv,Tu,731
U,Tu,31
Vhe,Tu,20
Åbe,Tu,1093
Äs,Tu,1130
Öso,Tu,3
Öte,Tu,400
Bkb,Ts,1
Bro,Ts,1
Bål,Ts,1
Fas,Ts,1
Flb,Ts,3
Gn,Ts,1
Gdv,Ts,1
Hnd,Ts,2
Hel,Ts,2
Hfa,Ts,1
Hu,Ts,2
Hgv,Ts,1
Jkb,Ts,3
Jbo,Ts,1
Khä,Ts,1
Ke,Ts,3
Kn,Ts,1
Kda,Ts,1
Kän,Ts,1
Mr,Ts,2
Mö,Ts,1
Nvk,Ts,1
Ngd,Ts,1
Nyh,Ts,1
Rs,Ts,1
R,Ts,1
Rön,Ts,1
Ssä,Ts,1
Skg,Ts,1
Sol,Ts,2
So,Ts,3
Spå,Ts,2
Cst,Ts,19
Sst,Ts,4
Sta,Ts,1
Sub,Ts,3
Söc,Ts,1
Söd,Ts,1
Söu,Ts,1
Tåd,Ts,1
Tul,Ts,1
Tu,Ts,2
Ts,Ts,0
Udl,Ts,1
Upv,Ts,2
U,Ts,1
Vhe,Ts,1
Åbe,Ts,3
Äs,Ts,3
Öso,Ts,1
Öte,Ts,1
Bkb,Udl,203
Bro,Udl,89
Bål,Udl,131
Fas,Udl,166
Flb,Udl,594
Gn,Udl,50
Gdv,Udl,1
Hnd,Udl,250
Hel,Udl,289
Hfa,Udl,1
Hu,Udl,366
Hgv,Udl,124
Jkb,Udl,465
Jbo,Udl,154
Khä,Udl,188
Ke,Udl,542
Kn,Udl,4
Kda,Udl,1
Kän,Udl,154
Mr,Udl,305
Mö,Udl,1
Nvk,Udl,96
Ngd,Udl,1
Nyh,Udl,49
Rs,Udl,48
R,Udl,190
Rön,Udl,126
Ssä,Udl,1
Skg,Udl,188
Sol,Udl,380
So,Udl,483
Spå,Udl,378
Cst,Udl,4201
Sst,Udl,859
Sta,Udl,164
Sub,Udl,566
Söc,Udl,45
Söd,Udl,60
Söu,Udl,1
Tåd,Udl,104
Tul,Udl,207
Tu,Udl,358
Ts,Udl,1
Udl,Udl,0
Upv,Udl,340
U,Udl,15
Vhe,Udl,9
Åbe,Udl,463
Äs,Udl,468
Öso,Udl,1
Öte,Udl,147
Bkb,Upv,437
Bro,Upv,181
Bål,Upv,266
Fas,Upv,339
Flb,Upv,1211
Gn,Upv,101
Gdv,Upv,2
Hnd,Upv,510
Hel,Upv,609
Hfa,Upv,1
Hu,Upv,746
Hgv,Upv,269
Jkb,Upv,947
Jbo,Upv,313
Khä,Upv,418
Ke,Upv,1104
Kn,Upv,8
Kda,Upv,3
Kän,Upv,314
Mr,Upv,717
Mö,Upv,1
Nvk,Upv,211
Ngd,Upv,2
Nyh,Upv,99
Rs,Upv,112
R,Upv,427
Rön,Upv,255
Ssä,Upv,1
Skg,Upv,382
Sol,Upv,815
So,Upv,984
Spå,Upv,785
Cst,Upv,8560
Sst,Upv,1750
Sta,Upv,335
Sub,Upv,1158
Söc,Upv,91
Söd,Upv,122
Söu,Upv,2
Tåd,Upv,210
Tul,Upv,421
Tu,Upv,730
Ts,Upv,2
Udl,Upv,340
Upv,Upv,0
U,Upv,34
Vhe,Upv,17
Åbe,Upv,942
Äs,Upv,952
Öso,Upv,2
Öte,Upv,298
Bkb,U,18
Bro,U,8
Bål,U,15
Fas,U,15
Flb,U,52
Gn,U,5
Gdv,U,1
Hnd,U,22
Hel,U,26
Hfa,U,1
Hu,U,31
Hgv,U,12
Jkb,U,40
Jbo,U,13
Khä,U,18
Ke,U,46
Kn,U,1
Kda,U,1
Kän,U,14
Mr,U,34
Mö,U,1
Nvk,U,9
Ngd,U,1
Nyh,U,5
Rs,U,5
R,U,18
Rön,U,11
Ssä,U,1
Skg,U,17
Sol,U,34
So,U,41
Spå,U,31
Cst,U,362
Sst,U,73
Sta,U,14
Sub,U,49
Söc,U,4
Söd,U,6
Söu,U,1
Tåd,U,9
Tul,U,18
Tu,U,31
Ts,U,1
Udl,U,15
Upv,U,34
U,U,0
Vhe,U,1
Åbe,U,40
Äs,U,40
Öso,U,1
Öte,U,13
Bkb,Vhe,11
Bro,Vhe,5
Bål,Vhe,7
Fas,Vhe,10
Flb,Vhe,34
Gn,Vhe,3
Gdv,Vhe,1
Hnd,Vhe,17
Hel,Vhe,15
Hfa,Vhe,1
Hu,Vhe,21
Hgv,Vhe,7
Jkb,Vhe,24
Jbo,Vhe,11
Khä,Vhe,10
Ke,Vhe,28
Kn,Vhe,1
Kda,Vhe,1
Kän,Vhe,8
Mr,Vhe,16
Mö,Vhe,1
Nvk,Vhe,5
Ngd,Vhe,1
Nyh,Vhe,4
Rs,Vhe,3
R,Vhe,10
Rön,Vhe,7
Ssä,Vhe,1
Skg,Vhe,12
Sol,Vhe,19
So,Vhe,25
Spå,Vhe,19
Cst,Vhe,221
Sst,Vhe,46
Sta,Vhe,10
Sub,Vhe,29
Söc,Vhe,3
Söd,Vhe,4
Söu,Vhe,1
Tåd,Vhe,7
Tul,Vhe,12
Tu,Vhe,20
Ts,Vhe,1
Udl,Vhe,9
Upv,Vhe,17
U,Vhe,1
Vhe,Vhe,0
Åbe,Vhe,26
Äs,Vhe,27
Öso,Vhe,1
Öte,Vhe,9
Bkb,Åbe,585
Bro,Åbe,256
Bål,Åbe,378
Fas,Åbe,507
Flb,Åbe,1814
Gn,Åbe,151
Gdv,Åbe,2
Hnd,Åbe,764
Hel,Åbe,802
Hfa,Åbe,1
Hu,Åbe,1117
Hgv,Åbe,342
Jkb,Åbe,1343
Jbo,Åbe,469
Khä,Åbe,534
Ke,Åbe,1565
Kn,Åbe,9
Kda,Åbe,4
Kän,Åbe,445
Mr,Åbe,847
Mö,Åbe,1
Nvk,Åbe,265
Ngd,Åbe,2
Nyh,Åbe,148
Rs,Åbe,132
R,Åbe,527
Rön,Åbe,382
Ssä,Åbe,2
Skg,Åbe,572
Sol,Åbe,1054
So,Åbe,1360
Spå,Åbe,1061
Cst,Åbe,12337
Sst,Åbe,2565
Sta,Åbe,501
Sub,Åbe,1614
Söc,Åbe,136
Söd,Åbe,183
Söu,Åbe,2
Tåd,Åbe,315
Tul,Åbe,630
Tu,Åbe,1093
Ts,Åbe,3
Udl,Åbe,462
Upv,Åbe,943
U,Åbe,40
Vhe,Åbe,26
Åbe,Åbe,0
Äs,Åbe,1427
Öso,Åbe,3
Öte,Åbe,447
Bkb,Äs,591
Bro,Äs,259
Bål,Äs,382
Fas,Äs,524
Flb,Äs,1874
Gn,Äs,156
Gdv,Äs,3
Hnd,Äs,789
Hel,Äs,811
Hfa,Äs,1
Hu,Äs,1154
Hgv,Äs,346
Jkb,Äs,1358
Jbo,Äs,485
Khä,Äs,540
Ke,Äs,1582
Kn,Äs,9
Kda,Äs,4
Kän,Äs,450
Mr,Äs,856
Mö,Äs,1
Nvk,Äs,268
Ngd,Äs,2
Nyh,Äs,153
Rs,Äs,134
R,Äs,533
Rön,Äs,395
Ssä,Äs,2
Skg,Äs,591
Sol,Äs,1066
So,Äs,1375
Spå,Äs,1073
Cst,Äs,12472
Sst,Äs,2593
Sta,Äs,518
Sub,Äs,1632
Söc,Äs,141
Söd,Äs,189
Söu,Äs,2
Tåd,Äs,326
Tul,Äs,651
Tu,Äs,1130
Ts,Äs,3
Udl,Äs,468
Upv,Äs,953
U,Äs,40
Vhe,Äs,27
Åbe,Äs,1427
Äs,Äs,0
Öso,Äs,4
Öte,Äs,461
Bkb,Öso,2
Bro,Öso,1
Bål,Öso,1
Fas,Öso,2
Flb,Öso,4
Gn,Öso,1
Gdv,Öso,1
Hnd,Öso,2
Hel,Öso,2
Hfa,Öso,1
Hu,Öso,3
Hgv,Öso,1
Jkb,Öso,3
Jbo,Öso,2
Khä,Öso,2
Ke,Öso,4
Kn,Öso,1
Kda,Öso,1
Kän,Öso,1
Mr,Öso,2
Mö,Öso,1
Nvk,Öso,1
Ngd,Öso,1
Nyh,Öso,1
Rs,Öso,1
R,Öso,2
Rön,Öso,1
Ssä,Öso,1
Skg,Öso,2
Sol,Öso,3
So,Öso,3
Spå,Öso,3
Cst,Öso,26
Sst,Öso,6
Sta,Öso,2
Sub,Öso,4
Söc,Öso,1
Söd,Öso,1
Söu,Öso,1
Tåd,Öso,1
Tul,Öso,2
Tu,Öso,3
Ts,Öso,1
Udl,Öso,1
Upv,Öso,2
U,Öso,1
Vhe,Öso,1
Åbe,Öso,3
Äs,Öso,3
Öso,Öso,0
Öte,Öso,2
Bkb,Öte,185
Bro,Öte,81
Bål,Öte,120
Fas,Öte,164
Flb,Öte,626
Gn,Öte,60
Gdv,Öte,1
Hnd,Öte,247
Hel,Öte,254
Hfa,Öte,1
Hu,Öte,377
Hgv,Öte,109
Jkb,Öte,425
Jbo,Öte,152
Khä,Öte,169
Ke,Öte,495
Kn,Öte,3
Kda,Öte,1
Kän,Öte,141
Mr,Öte,268
Mö,Öte,1
Nvk,Öte,84
Ngd,Öte,1
Nyh,Öte,55
Rs,Öte,42
R,Öte,167
Rön,Öte,146
Ssä,Öte,1
Skg,Öte,185
Sol,Öte,334
So,Öte,430
Spå,Öte,336
Cst,Öte,3902
Sst,Öte,812
Sta,Öte,166
Sub,Öte,511
Söc,Öte,55
Söd,Öte,73
Söu,Öte,1
Tåd,Öte,102
Tul,Öte,223
Tu,Öte,400
Ts,Öte,1
Udl,Öte,147
Upv,Öte,299
U,Öte,13
Vhe,Öte,9
Åbe,Öte,447
Äs,Öte,461
Öso,Öte,2
Öte,Öte,0
